{"schemaVersion":"1.0","appDefinitionTemplate":{"id":"/providers/Microsoft.PowerApps/apps/","type":"Microsoft.PowerApps/apps","tags":{"primaryDeviceWidth":"1366","primaryDeviceHeight":"768","supportsPortrait":"true","supportsLandscape":"true","primaryFormFactor":"Tablet","showStatusBar":"false","publisherVersion":"3.25052.13","minimumRequiredApiVersion":"2.2.0","hasComponent":"false","hasUnlockedComponent":"false","isUnifiedRootApp":"false","sienaVersion":"20250521T062129Z-3.25051.13.0"},"properties":{"appVersion":"2025-05-29T03:40:14Z","lifeCycleId":"Published","createdByClientVersion":{"major":3,"minor":25052,"build":13,"revision":0,"majorRevision":0,"minorRevision":0},"minClientVersion":{"major":3,"minor":25052,"build":13,"revision":0,"majorRevision":0,"minorRevision":0},"backgroundColor":"rgba(255, 255, 255, 1)","backgroundImageUri":"/15250043162726297986/N7667e29c-34a4-4eb2-b4e1-b81a5761ff58-logoSmallFile","displayName":"Visitor Notification Request","commitMessage":"","appUris":{"documentUri":{"value":"/15250043162726297986/N20e7422a-a064-428b-9063-a64e98430daa-document.msapp"},"imageUris":[],"additionalUris":[{"isSolutionAware":false,"value":"/15250043162726297986/Ne0b9160a-64fb-4696-b7a6-4d61b7d85036-identity.json"}]},"createdTime":"0001-01-01T00:00:00Z","lastModifiedTime":"0001-01-01T00:00:00Z","sharedGroupsCount":0,"sharedUsersCount":0,"connectionReferences":{"1b4c6ab3-de9e-43cc-bed7-af56dcf8a866":{"id":"218dd5f4-007b-4a96-9c4c-8d0c6aa8ece8","displayName":"SharePoint","iconUri":"https://conn-afd-prod-endpoint-bmc9bqahasf3grgk.b01.azurefd.net/releases/v1.0.1746/1.0.1746.4174/sharepointonline/icon.png","dataSources":["Visitor_General","Visitor Details"],"dependencies":[],"dependents":[],"parameterHints":{},"parameterHintsV2":{},"isOnPremiseConnection":false,"bypassConsent":false,"dataSets":{"https://unhcr365.sharepoint.com/teams/apac-maloper":{"dataSources":{"Visitor_General":{"tableName":"0d87de27-db03-44e9-b825-fda4f9022018"},"Visitor Details":{"tableName":"f59d12fc-9dce-4781-8e8e-47b15824ac83"}}}},"apiTier":"Standard","isCustomApiConnection":false,"actions":["providers/PowerPlatform.Governance/Operations/Read","providers/PowerPlatform.Governance/Operations/Write","providers/PowerPlatform.Governance/Operations/Delete"]}},"databaseReferences":{},"almMode":"Environment","performanceOptimizationEnabled":false,"canConsumeAppPass":false,"enableModernRuntimeMode":false,"executionRestrictions":{"isTeamsOnly":false,"dataLossPreventionEvaluationResult":{"status":"Compliant","lastEvaluationDate":"2024-09-14T04:47:53.6017022Z","violations":[],"violationsByPolicy":[],"violationErrorMessage":"The app uses the following connectors: shared_sharepointonline."}}},"isAppComponentLibrary":false,"appType":"ClassicCanvasApp","appComponents":[]}}